resolution,rmse,mae,rate
31.25,734.4991190075978,109.0476278949908,0.0012363849498500008
62.5,526.2082876336375,62.01752020784668,0.0027176963092888974
125.0,471.5267999140042,54.00405810156235,0.005848961883331941
250.0,479.9837180516685,60.03949335576055,0.012605716466854447
500.0,500.0020245506657,70.55259639825769,0.027191855413678606
1000.0,532.6033728198584,87.55674241838216,0.05724503784943673
2000.0,581.1860726377668,114.09080242337168,0.1089289545194508
